{
  "kind": "coverage_report",
  "version": "1.0",
  "generatedAt": "2026-02-28T07:00:32.960Z",
  "sources": {
    "buildRequest": true,
    "implementationPlan": true
  },
  "requirements": {
    "total": 1,
    "implemented": 1,
    "items": [
      {
        "id": "REQ-12",
        "summary": "In the Footer component, update the text content of the first social media link (Facebook icon link) located at XPath /html[1]/body[1]/div[1]/div[1]/footer[1]/div[2]/div[2]/div[2]/a[1] to display 'Hasnain' as its visible label or accessible text.",
        "status": "implemented",
        "plannedFiles": [
          "frontend/src/components/Footer.tsx"
        ],
        "matchedFiles": [
          "frontend/src/components/Footer.tsx"
        ]
      }
    ]
  },
  "changedFiles": [
    "build-request.json",
    "build-template/README.md",
    "feature_evidence.json",
    "frontend-file-summaries.txt",
    "frontend-implementation-plan.json",
    "frontend/src/components/Footer.tsx",
    "project_state.json",
    "scratch/component-selection.json",
    "spec.md",
    "spec_vs_diff_report.json"
  ]
}