{
  "kind": "spec_vs_diff_report",
  "version": "1.0",
  "generatedAt": "2026-02-28T07:00:32.956Z",
  "summary": "The diff shows that the Footer component in frontend/src/components/Footer.tsx has been updated to set the Facebook social link label to 'Hasnain', which directly satisfies REQ-12. The change is isolated to the socialLinks array where the first entry now reads { icon: SiFacebook, href: '#', label: 'Hasnain' }. No other footer elements appear to have been modified based on the available diff.",
  "missing_requirements": [],
  "hallucinated_features": [],
  "confidence": 0.95,
  "changed_files": [
    "frontend-file-summaries.txt",
    "frontend/src/components/Footer.tsx",
    "project_state.json"
  ]
}